[
    {
        "name": "Savfk - The Travelling Symphony (inspirierende Musik) [CC BY 4.0]",
        "views": 6,
        "time": "4 минуты назад",
        "date": "2 июн. 2021 г.",
        "channel": "Parodoro Beats",
        "channel_img": "c1.jpg",
        "preview": "1.jpg",
        "url": "https://www.youtube.com/watch?v=enIO9nApHXw"
    },
    {
        "name": "Need a team for GMTK Game Jam 2021?",
        "views": 21530,
        "time": "1 час назад",
        "date": "2 июн. 2021 г.",
        "channel": "Game Maker's Toolkit",
        "channel_img": "c2.jpg",
        "preview": "2.jpg",
        "url": "https://www.youtube.com/watch?v=XX61NHtnQIc"
    },
    {
        "name": "Being carried is boring - Carried",
        "views": 252360,
        "time": "5 часов назад",
        "date": "2 июн. 2021 г.",
        "channel": "Viva La Dirt League",
        "channel_img": "c3.jpg",
        "preview": "3.jpg",
        "url": "https://www.youtube.com/watch?v=QEM8bTI3ptg"
    },
    {
        "name": "Go On Tour With Stage Discovery",
        "views": 32526,
        "time": "19 часов назад",
        "date": "1 июн. 2021 г.",
        "channel": "Discord",
        "channel_img": "c4.jpg",
        "preview": "4.jpg",
        "url": "https://www.youtube.com/watch?v=gj2GGWagBao"
    },
    {
        "name": "Better cybersecurity starts with honesty and accountability | Nadya Bartol",
        "views": 17744,
        "time": "23 часа назад",
        "date": "1 июн. 2021 г.",
        "channel": "TED",
        "channel_img": "c5.jpg",
        "preview": "5.jpg",
        "url": "https://www.youtube.com/watch?v=PzJLO-OsEJo"
    },
    {
        "name": "Простая схема пробника со звуковой индикацией для начинающих радиолюбителей",
        "views": 4423,
        "time": "23 часа назад",
        "date": "1 июн. 2021 г.",
        "channel": "Паяльник TV",
        "channel_img": "c6.jpg",
        "preview": "6.jpg",
        "url": "https://www.youtube.com/watch?v=ryG1OicGgw4"
    },
    {
        "name": "PowerPoint Phishing Malware Analysis - HackTheBox Cyber Apocalypse CTF",
        "views": 7396,
        "time": "1 день назад",
        "date": "1 июн. 2021 г.",
        "channel": "John Hammond",
        "channel_img": "c7.jpg",
        "preview": "7.jpg",
        "url": "https://www.youtube.com/watch?v=3aCLFzCzPFI"
    },
    {
        "name": "[BugCat-Capoo] Terrible ghost",
        "views": 57438,
        "time": "1 день назад",
        "date": "1 июн. 2021 г.",
        "channel": "BugCat Capoo",
        "channel_img": "c8.jpg",
        "preview": "8.jpg",
        "url": "https://www.youtube.com/watch?v=kdfhyy5HHEI"
    },
    {
        "name": "Тест Radeon RX 6700 XT в 20 играх в Full HD на Новом тестовом стенде",
        "views": 9376,
        "time": "2 дня назад",
        "date": "31 мая 2021 г.",
        "channel": "GECID.com",
        "channel_img": "c9.jpg",
        "preview": "9.jpg",
        "url": "https://www.youtube.com/watch?v=ZwFwovKJPFA"
    },
    {
        "name": "Пожар в гостинице \"Северная\" в Петрозаводске 30 мая, 2021 г.",
        "views": 411,
        "time": "2 дня назад",
        "date": "30 мая 2021 г.",
        "channel": "Igor Podgorny",
        "channel_img": "c10.jpg",
        "preview": "10.jpg",
        "url": "https://www.youtube.com/watch?v=32-_wNhU_RU"
    }
]